0,1,2,3,4
Remember The Name,Fort Minor,,Rising Tied,Fort Minor -Remember The Name.mp3
Summer of 69,BryanAdams,,Reckless,Bryan Adams-Summer of 69.mp3
Tonight I am Loving You,Enrique Iglesias ft.Ludacris,,,tonight im loving you.mp3
,www.KuttyWap.com,,Maroon 5 - Overexposed,One_More_Night_(KuttyWeb.com).mp3
Pop Danthology 2013,Daniel Kim,,,Pop Danthology 2013.mp3
,,,,in paris.mp3
Fifa World Cup 2010 Song,dang cap nhat,,NhacCuaTui.Com,Fifa world cup anthem song.mp3
Bootylicious,Destiny's Child,,Much Dance 2002,Shakira - Whenever wherever.mp3
Count On Me,Bruno Mars,,Doo-Wops & Hooligans,09 - Count On Me.mp3
Miss Me,Drake ft. Lil Wayne,,ThisSongIsSick.com,Drake-ft.-Lil-Wayne-Miss-Me.mp3
Billionaire,Travis McCoy ft Bruno Mars ,,Karaoke,billionare.mp3
Duncan Daniels - Locked Out Of Heaven ( Bruno Mars Cover ) ( Afritunez.com ),Afritunez.com,,Afritunez.com,Duncan_Daniels_-_Locked_Out_Of_Heaven_(_Bruno_Mars_Cover_)_(_Afritunez.com_).mp3
Gangnam Style,PSY,,PSY6? 6th Album Korea,GNM.mp3
Earth song,Michael Jackson,,Super Concentrate,Earth song.mp3
World In Our Hands,Taio Cruz,,TY.O,Taio_Cruz_-_World_In_Our_Hands.mp3
Black Widow,Iggy Azalea feat. Rita Ora,,www.soundfox.net,10_iggy_azalea_black_widow_feat_rita_ora.mp3
I Knew You Were - www.SongsLover.pk,Taylor Swift,,Single 2012,Taylor Swift - I Knew You Were Trouble..mp3
,David Guetta,,That Hits,David Guetta Feat. Skylar Grey - She Shot Me Down.mp3
Alligator Sky,Owl City [Ft. B.o.B],,www.GoodMusicAllDay.com,tumblr_lkdr2jKF791qb2x6vo1.mp3
Cry Me a River,Justin Timberlake,,Justified,Justin_Timberlake-Justified-Cry_Me_a_River.mp3
In My City (ft. Will.i.am) - [MusikMaza.Com],Priyanka Chopra,,In My City,01. In My City - [MusikMaza.Com].mp3
Nothin' On You,B.o.B.,,Å·ÃÀ2010Äê2ÔÂ×îÐÂµ¥Çú,Nothin on you.mp3
Pop Danthology 2012,Daniel Kim,,Best Of The Week 12-1 to 12-7,Pop Danthology 2012.mp3
Set Fire To The Rain,Adele | www.musicvalley.net,,www.musicvalley.net,Adele_-_Set_Fire_To_The_Rain.mp3
The Show Goes On,Lupe Fiasco,,[EARMILK.COM],lupe fiasco-the show goes on.mp3
This Is War,30 Seconds To Mars,,This Is War,this is war.mp3
Because I'm on fire HD,Michael jackson,,,Michael-jackson-Because-Im-on-fire-HD (1).mp3
Finally Found You (Ft. Sammy Adams)-(MyMp3Singer.com), Enrique Iglesias,,Single DJ Mixes - MyMp3Singer.com,Finally Found You (Ft. Sammy Adams)-(MyMp3Singer.com).mp3
Night Changes,One Direction,,FarsKids.Com FarsKids605.Com,07. Night Changes [128].mp3
show me the meaning of being lonely,Backstreet boys,,Never gone,show me the meaning.mp3
Clarity (feat. Foxes),"Anton Zaslavski, Matthew Koma, Porter Robinson & H. Hafferman",,Clarity,Zedd - Clarity (feat. Foxes) [mp3clan.com].mp3
Wild Ones - www.SongsLover.com,Flo-Rida Ft. Sia,,Single 2011 SongsLover.com,Flo-Rida Ft. Sia - Wild Ones.mp3
03 Maroon5 eat.Wiz Khalifa - Payphone,03 Maroon5 eat.Wiz Khalifa - Payphone,,US TOP40 Single Charts (www.mySafalbum7.com),Payphone.mp3
My Humps,Black Eyed Peas,,Monkey Business,black_eyed_peas_my_humps.mp3
Church,T Pain,,HotHitsDaily.com,church.mp3
Smooth Criminal,Michael Jackson,,DJ White Owl-The Classics A Tribute To A Legend,15 Michael Jackson-Smooth Criminal.mp3
Talking to the Moon,Bruno Mars,,Doo-Wops & Hooligans (Deluxe Version),TalkingtotheMoon.mp3
Naked,Dev Ft. Enrique Iglesias,,WWW.iM1MUSIC.NET,naked.mp3
Rain Over Me (ft. Marc Anthony),Pitbull,,,rain over me.mp3
One Love,Blue,,One Love,One Love.mp3
Sia - Chandelier,Sia - Chandelier,,Sia - Chandelier,Sia Chandelier - 1420896871.mp3
Daylight,Maroon 5 (wapos.ru),,wapos.ru,daylight.mp3
#thatPOWER (feat. Justin Bieber),will.i.am,,#thatPOWER (feat. Justin Bieber) - Single,Will.I.Am+feat.+Justin+Bieber+-+I+got+that+power(music.naij.com).mp3
Baby I Like It Ft Pitbull,Enrique Iglesias,,,Enrique-Iglesias-Baby-I-Like-It-Ft-Pitbull.mp3
Temperature,Sean Paul,,Applause Riddim,Temperature.mp3
Let Me Love You (Until You Lea,Ne-Yo,,,let me love you.mp3
Grenade [OFFICIAL VIDEO],Bruno Mars,,,Bruno-Mars-Grenade-OFFICIAL-VIDEO.mp3
Mirrors,Justin Timberlake,,Mirrors,mirror - justin timberlake_1.mp3
Zombie,The Cranberries,,Stars: The Best of 1992-2002,zombie.mp3
Barbie Girl,Aqua,,Cartoon Heroes: Best of Aqua,aqua - barbie girl.mp3
Dont Be shy - Dance Mix,www.songs.pk,,The Ultimate Dance Collection,Dont be shy.mp3
Fast And Furious 7 Get Low Mp3 Song - WapLoft.Com,Dillon Francis Ft. DJ Snake,,Fast And Furious 7,Fast_And_Furious_7_Get_Low_Mp3_Song_-_Dillon_Francis_Ft._DJ_Snake(wapking.cc).mp3
Simple Plan - Summer Paradise ft. Sean Paul (Official Audio),,,,summer paradise.mp3
Animals 1-Maroon 5,GiantWap.CoM-Maroon 5,,GiantWap.CoM-V (Deluxe Version),Animals 1-Maroon 5.mp3
To Brazil,Vengaboys ,,The Party Album!,vengaboys - brazil.mp3
The Ketchup Song (Aserejé) [Spanish Version],Las Ketchup,,Hijas del Tomate,01 THE KETCHUP SONG.mp3
Scream - www.SongsLover.com,Usher,,Single 2012 SongsLover.com,Usher - Scream (www.SongsLover.com).mp3
In the shadow,The Rasmus,,Absolute Music 42,the_rasmus_-_in_the_shadow.mp3
4 Minutes (feat Justin Timberlake & Timbaland),Madonna,,,Tick tock.mp3
Just the Way You Are [www.DJMaza.Com],Bruno Mars [www.DJMaza.Com],,Single English Track,Just the Way You Are - Bruno Mars [www.DJMaza.Com].mp3
We Like to Party! (The Vengabus),Vengaboys,,The Party Album!,We like to party.mp3
,,,,02 - All I Ever Wanted.mp3
We Are Young (Feat. Janelle Monáe),WapNEXT.com,,WapNEXT.com,027 Fun. ft. Janelle Monae - We Are Young.mp3
Alive,Krewella,,,Krewella_-_Alive_128Kbps.mp3
Break Your Heart,Taio Cruz,,Rokstarr,poletmusic_-_Taio_Cruz_-_Break_Your_Heart.mp3
,,,,Daniel Kim - Pop Danthology 2014 -[ www.mp3topsongs.com ].mp3
Somebody's Me,Enrique Iglesias,,Insomniac,somebodys me.mp3
Smooth Criminal (LAZRtag remix),Michael Jackson,,www.TheBurningEar.com,Smooth-Criminal-LAZRtag-remix.mp3
We Can't Stop - www.Webmusic.IN,Miley Cyrus,,Bangerz,'t Stop (Miley Cyrus) [SongsKing.iN].mp3
mista tung twista,Tung Twista,,Runnin' Off At Da Mouth ,tungtwista.mp3
One Direction - What Makes You Beautiful  _(musiclife.kz),One Direction - What Makes You Beautiful  _(musiclife.kz),,"Musiclife.kz - Ñêà÷àòü ìóçûêó, mp3, ïåñíè áåñïëàòíî!",what-makes-you-beautiful.mp3
Bailamos,Enrique Iglesias,,Fox Sports Presents: Game Time!,Enrique Iglesias - Bailamos.mp3
Call Me Maybe,Carly Rae Jepsen,,Curiosity,01_-_call_me_maybe_-_curiosity - Copy.mp3
Let It Go - Frozen - Full,,,,let it go.mp3
Marry You,Bruno Mars,,Doo - Wops & Hooligans,marry u.mp3
,,,,Swedish House Mafia - Don't You Worry Child ft. John Martin.mp3
Everything At Once,Lenka,,Two,Lenka - Everything At Once.mp3
Unapologetic ,Rihanna [Www.AvayeBartar.orG],,Rihanna [Www.AvayeBartar.orG],7. Right Now (ft David Guetta).mp3
Can't Remember To Forget You (feat. Rihanna),Shakira,,Can't Remember To Forget You - Single,Shakira feat. Rihanna - Can't Remember To Forget You  [mp3clan.com].mp3
Why Not Me (RoyalJatt.Com),Enrique Iglesias (RoyalJatt.Com),,Euphoria (RoyalJatt.Com),Why_Not_Me-Enrique_Iglesias[www.Mp3MaD.Com].mp3
Heroes (we could be) [Feat. Tove Lo],Alesso/Tove Lo,,Billboard Hot 100 (Nov 2014),72 Alesso - Heroes (We Could Be) (Feat. Tove Lo).mp3
22,Taylor Swift,,Red,Taylor_Swift_-_22_mp3.shmidt.net.mp3
Gasolina [DJ Buddha Remix],Daddy Yankee/Lil Jon/Noreaga/Pitbull,,"Crunk Hits, Vol. 2 [Clean]",gasolina.mp3
They Don't Care About us,Michael Jackson,,This Is It,They dont care about us.mp3
Thinking Out Loud,Ed Sheeran,,UK TOP 40 Singles Chart Nov 2014,02 Ed Sheeran - Thinking Out Loud.mp3
Part Of Me,Katy Perry,,TEGOS.RU,Katy_Perry_-_Part_Of_Me.mp3
Track01.mp3,Track01,,MTV--2006,Shakira hips don't lie.mp3
Right Round,Flo Rida,,www.RnBXclusive.com,right round.mp3
Mirror,Lil Wayne feat. Bruno Mars,,Field Music (Measure),mirror.mp3
Let It Roll - www.SongsLover.pk,Flo Rida,,Single 2012 SongsLover.pk,Flo Rida - Let It Roll (www.SongsLover.pk).mp3
,TEGOS.RU/Major Lazer & DJ Snake,,TEGOS.RU,Major_Lazer_and_DJ_Snake_-_Lean_on.mp3
(You Drive Me) Crazy,Britney Spears,,...Baby One More Time,Britney Spears - Crazy.mp3
Pump It,Black Eyed Peas,,Monkey Business,black eyed peas-pump it.mp3
Hey Baby (Drop It To The Floor) [www.DJMaza.Com],Pitbull Ft. T-Pain [www.DJMaza.Com],,Latest DJ Mixes (September 2010) *DM XclusivE*,Hey Baby (Drop It To The Floor).mp3
We Are Never Ever Getting Back Together,Taylor Swift,,We Are Never Ever Getting Back Together,01 We Are Never Ever Getting Back Together.mp3
,www.muzikupdate.com,,,It_Will_Rain_(Bruno_Mars).mp3
Taylor Swift - Love Story,Taylor Swift,,Fearless,Taylor Swift - Love Story.mp3
No Worries (Feat. Detail) - www.SongsLover.pk,Lil Wayne,,Dedication 4 (Mixtape),04-No Worries Feat Detail - (www.SongsLover.pk).mp3
"They See Me Rollin, They Hatin, Patrollin They Trying To Catch Me Ridin Dirty",Krayzie Bone,,,"Krayzie Bone - They See Me Rollin, They Hatin, Patrollin They Trying To Catch Me Ridin Dirty.mp3"
